{"Epoch": 29, "Training Loss": 0.4089267344483526, "Test Loss": 0.41904444686877423, "_timestamp": 1692607794.4937196, "_runtime": 168.50463151931763, "_step": 29, "_wandb": {"runtime": 167}}