{"Epoch": 29, "Training Loss": 0.41511516607036747, "Test Loss": 0.4206636016949629, "_timestamp": 1693897586.451554, "_runtime": 333.546275138855, "_step": 29, "_wandb": {"runtime": 331}}