{"Epoch": 249, "Training Loss": 0.49223652962363246, "Test Loss": 0.6689530775333062, "_timestamp": 1692210728.8947663, "_runtime": 1980.3996572494507, "_step": 249, "_wandb": {"runtime": 1978}}