{"Epoch": 249, "Training Loss": 0.4524147994679846, "Test Loss": 0.5037917966643969, "_timestamp": 1692148097.5457284, "_runtime": 1710.6516535282135, "_step": 249, "_wandb": {"runtime": 1709}}