{"Epoch": 249, "Training Loss": 0.1831790831335735, "Test Loss": 0.1920914902136876, "_timestamp": 1692168121.541462, "_runtime": 1101.315153837204, "_step": 249, "_wandb": {"runtime": 1099}}