{"Epoch": 249, "Training Loss": 0.32079386711120605, "Test Loss": 0.9953736662864685, "_timestamp": 1692597079.3745847, "_runtime": 24.850727558135986, "_step": 249, "_wandb": {"runtime": 23}}