{"Epoch": 29, "Training Loss": 0.5726463204120105, "Test Loss": 0.5886088395730044, "_timestamp": 1693652612.1279461, "_runtime": 269.7814440727234, "_step": 29, "_wandb": {"runtime": 268}}