{"Epoch": 249, "Training Loss": 0.49925630307677904, "Test Loss": 0.5629155983527502, "_timestamp": 1692154804.3617008, "_runtime": 2237.7182388305664, "_step": 249, "_wandb": {"runtime": 2236}}