{"Epoch": 249, "Training Loss": 0.4750197156990841, "Test Loss": 0.5953176388373742, "_timestamp": 1692441831.4446073, "_runtime": 2463.021475315094, "_step": 249, "_wandb": {"runtime": 2461}}