{"Epoch": 249, "Training Loss": 0.33892210433771325, "Test Loss": 0.645190139229481, "_timestamp": 1692430911.33458, "_runtime": 1800.9017479419708, "_step": 249, "_wandb": {"runtime": 1799}}