{"Epoch": 29, "Training Loss": 0.5306167832395949, "Test Loss": 0.5374020678110611, "_timestamp": 1693898114.129038, "_runtime": 520.9889440536499, "_step": 29, "_wandb": {"runtime": 519}}