{"Epoch": 249, "Training Loss": 0.3382121562957764, "Test Loss": 0.9955129027366638, "_timestamp": 1692597744.7289445, "_runtime": 24.58578658103943, "_step": 249, "_wandb": {"runtime": 23}}