{"Epoch": 249, "Training Loss": 0.2527261311427141, "Test Loss": 0.4132517547561572, "_timestamp": 1692169421.2781494, "_runtime": 1291.8638334274292, "_step": 249, "_wandb": {"runtime": 1290}}