{"Epoch": 29, "Training Loss": 0.5722899012294881, "Test Loss": 0.589206833869983, "_timestamp": 1693659776.0132484, "_runtime": 274.19986033439636, "_step": 29, "_wandb": {"runtime": 272}}