{"Epoch": 249, "Training Loss": 0.3227636516094208, "Test Loss": 0.9815460443496704, "_timestamp": 1692597456.1674445, "_runtime": 24.847174406051636, "_step": 249, "_wandb": {"runtime": 23}}