{"Horizon": 24, "Test Loss": 1.1620984045522553, "_timestamp": 1693654341.3884585, "_runtime": 36.85153937339783, "_step": 23, "_wandb": {"runtime": 35}}