{"Epoch": 29, "Training Loss": 0.5244109280707635, "Test Loss": 0.5395427292738205, "_timestamp": 1692609565.4870238, "_runtime": 255.17355489730835, "_step": 29, "_wandb": {"runtime": 253}}