{"Epoch": 249, "Training Loss": 0.3110592305660248, "Test Loss": 1.0103398561477661, "_timestamp": 1692597612.429535, "_runtime": 24.456615924835205, "_step": 249, "_wandb": {"runtime": 23}}