{"Horizon": 24, "Test Loss": 0.9925061874091625, "_timestamp": 1693668923.1281576, "_runtime": 18.90949058532715, "_step": 23, "_wandb": {"runtime": 17}}