{"Epoch": 249, "Training Loss": 0.4585950460844424, "Test Loss": 0.6127614103830777, "_timestamp": 1692363806.3927994, "_runtime": 2239.2327733039856, "_step": 249, "_wandb": {"runtime": 2237}}