{"Epoch": 99, "Training Loss": 0.6908185839653015, "Test Loss": 0.8999471068382263, "_timestamp": 1692605505.3890233, "_runtime": 12.048725366592407, "_step": 99, "_wandb": {"runtime": 10}}