{"Epoch": 29, "Training Loss": 0.09133862113036481, "Test Loss": 0.09197899715927167, "_timestamp": 1693741832.171314, "_runtime": 249.55064511299133, "_step": 29, "_wandb": {"runtime": 248}}