{"Epoch": 249, "Training Loss": 0.24342955848127057, "Test Loss": 0.42538605362941057, "_timestamp": 1692380901.84417, "_runtime": 1338.3019139766693, "_step": 249, "_wandb": {"runtime": 1337}}