{"Epoch": 29, "Training Loss": 0.5668076692701696, "Test Loss": 0.5846582567080473, "_timestamp": 1692609838.808642, "_runtime": 265.0220630168915, "_step": 29, "_wandb": {"runtime": 262}}