{"Epoch": 29, "Training Loss": 0.20411339674864137, "Test Loss": 0.20621530152857304, "_timestamp": 1693896958.9159245, "_runtime": 230.47694754600525, "_step": 29, "_wandb": {"runtime": 229}}