{"Horizon": 24, "Test Loss": 0.9835689573415688, "_timestamp": 1693668874.3702729, "_runtime": 19.328418970108032, "_step": 23, "_wandb": {"runtime": 18}}