{"Epoch": 249, "Training Loss": 0.5158080161163658, "Test Loss": 0.6505172951863363, "_timestamp": 1692448224.8320024, "_runtime": 2290.8099315166473, "_step": 249, "_wandb": {"runtime": 2290}}