{"Epoch": 99, "Training Loss": 0.6666595935821533, "Test Loss": 0.88478022813797, "_timestamp": 1692605058.054838, "_runtime": 12.223994016647339, "_step": 99, "_wandb": {"runtime": 10}}