{"Epoch": 99, "Training Loss": 0.685133421421051, "Test Loss": 0.897568941116333, "_timestamp": 1692605082.5424736, "_runtime": 12.273975610733032, "_step": 99, "_wandb": {"runtime": 10}}