{"Epoch": 99, "Training Loss": 0.7286894798278809, "Test Loss": 0.9164783954620361, "_timestamp": 1692605272.1913152, "_runtime": 12.018750190734863, "_step": 99, "_wandb": {"runtime": 10}}