{"Epoch": 249, "Training Loss": 0.10476888937282038, "Test Loss": 0.1086427612373462, "_timestamp": 1692083952.3949008, "_runtime": 934.3916368484497, "_step": 249, "_wandb": {"runtime": 927}}