{"Epoch": 27, "Training Loss": 0.5734248394931193, "Test Loss": 0.5893286814292272, "_timestamp": 1692596865.6437056, "_runtime": 249.0047905445099, "_step": 27, "_wandb": {"runtime": 250}}