{"Epoch": 249, "Training Loss": 0.3115622021339752, "Test Loss": 0.3341234502119896, "_timestamp": 1692119772.1460595, "_runtime": 1275.980159521103, "_step": 249, "_wandb": {"runtime": 1274}}