{"Epoch": 29, "Training Loss": 0.1081023069146352, "Test Loss": 0.10945110925688194, "_timestamp": 1692606229.7248893, "_runtime": 103.9749002456665, "_step": 29, "_wandb": {"runtime": 103}}