{"Epoch": 249, "Training Loss": 0.31100636124610903, "Test Loss": 1.0254043340682983, "_timestamp": 1692596953.400818, "_runtime": 24.812366008758545, "_step": 249, "_wandb": {"runtime": 24}}