{"Epoch": 249, "Training Loss": 0.39610247505016816, "Test Loss": 0.7820028716172928, "_timestamp": 1692444381.5592916, "_runtime": 2542.648019552231, "_step": 249, "_wandb": {"runtime": 2541}}