{"Epoch": 49, "Training Loss": 0.2225961984839132, "Test Loss": 0.22051788952488166, "_timestamp": 1693751875.3728025, "_runtime": 364.01501846313477, "_step": 49, "_wandb": {"runtime": 363}}