{"Epoch": 29, "Training Loss": 0.6015910910903861, "Test Loss": 0.6444116254006663, "_timestamp": 1693755952.946675, "_runtime": 56.63446807861328, "_step": 29, "_wandb": {"runtime": 55}}