{"Epoch": 249, "Training Loss": 0.3114731013774872, "Test Loss": 0.9894073605537415, "_timestamp": 1692597360.4412782, "_runtime": 24.648077249526978, "_step": 249, "_wandb": {"runtime": 23}}