{"Epoch": 29, "Training Loss": 0.08012052787653591, "Test Loss": 0.0805696791324478, "_timestamp": 1693742293.5407245, "_runtime": 229.2530174255371, "_step": 29, "_wandb": {"runtime": 226}}