{"Epoch": 249, "Training Loss": 0.4209928856446193, "Test Loss": 0.6790133443398353, "_timestamp": 1692098531.0962896, "_runtime": 2211.2149827480316, "_step": 249, "_wandb": {"runtime": 2209}}