{"Horizon": 24, "Test Loss": 1.0536560080945492, "_timestamp": 1693654584.4413016, "_runtime": 36.37879252433777, "_step": 23, "_wandb": {"runtime": 34}}