{"Epoch": 29, "Training Loss": 0.5726338203573401, "Test Loss": 0.588290790334726, "_timestamp": 1693647884.3522913, "_runtime": 271.4460892677307, "_step": 29, "_wandb": {"runtime": 270}}