{"Epoch": 249, "Training Loss": 0.31260992450155184, "Test Loss": 0.35267025786332595, "_timestamp": 1692090583.0204456, "_runtime": 1266.6370606422424, "_step": 249, "_wandb": {"runtime": 1265}}