{"Epoch": 249, "Training Loss": 0.30936861634254453, "Test Loss": 0.9847891330718994, "_timestamp": 1692597421.536748, "_runtime": 26.091693878173828, "_step": 249, "_wandb": {"runtime": 23}}