{"Epoch": 249, "Training Loss": 0.4297137621230695, "Test Loss": 0.7482244945489444, "_timestamp": 1692208737.2586412, "_runtime": 2004.7591671943665, "_step": 249, "_wandb": {"runtime": 2003}}