{"Epoch": 249, "Training Loss": 0.07058359269093681, "Test Loss": 0.09538850121391125, "_timestamp": 1692374076.6111512, "_runtime": 1026.021948337555, "_step": 249, "_wandb": {"runtime": 1024}}