{"Epoch": 29, "Training Loss": 0.56592391699907, "Test Loss": 0.5728591873477666, "_timestamp": 1693744362.7875168, "_runtime": 546.453234910965, "_step": 29, "_wandb": {"runtime": 545}}