{"Epoch": 29, "Training Loss": 0.18517902062271105, "Test Loss": 0.18783193244001803, "_timestamp": 1692610095.2802777, "_runtime": 127.46902179718018, "_step": 29, "_wandb": {"runtime": 126}}