{"Horizon": 24, "Test Loss": 0.9912890419363976, "_timestamp": 1693669210.7346678, "_runtime": 20.251659870147705, "_step": 23, "_wandb": {"runtime": 18}}