{"Epoch": 29, "Training Loss": 0.08677798199839208, "Test Loss": 0.08764372102152078, "_timestamp": 1692608646.4931588, "_runtime": 111.49940776824951, "_step": 29, "_wandb": {"runtime": 110}}