{"Epoch": 29, "Training Loss": 0.6485251139621345, "Test Loss": 0.704745888710022, "_timestamp": 1693755852.9546034, "_runtime": 27.834579467773438, "_step": 29, "_wandb": {"runtime": 26}}