{"Epoch": 29, "Training Loss": 0.8741972863674163, "Test Loss": 0.8693925142288208, "_timestamp": 1693755671.621912, "_runtime": 9.51742696762085, "_step": 29, "_wandb": {"runtime": 8}}