{"Horizon": 24, "Test Loss": 0.9918162551309381, "_timestamp": 1693668669.6243527, "_runtime": 19.642449617385864, "_step": 23, "_wandb": {"runtime": 18}}