{"Epoch": 29, "Training Loss": 0.5755976551189655, "Test Loss": 0.6037952214158991, "_timestamp": 1694184238.612451, "_runtime": 167.1493501663208, "_step": 29, "_wandb": {"runtime": 165}}