{"Epoch": 29, "Training Loss": 0.9694613456726074, "Test Loss": 1.0709559917449951, "_timestamp": 1693735983.0636606, "_runtime": 8.88782262802124, "_step": 29, "_wandb": {"runtime": 8}}