{"Epoch": 29, "Training Loss": 0.6851406469941139, "Test Loss": 0.730230967203776, "_timestamp": 1693736135.9703743, "_runtime": 30.463500261306763, "_step": 29, "_wandb": {"runtime": 29}}