{"Epoch": 249, "Training Loss": 0.40488272588768287, "Test Loss": 0.5684836266132501, "_timestamp": 1692273314.5659559, "_runtime": 1788.3660979270935, "_step": 249, "_wandb": {"runtime": 1786}}