{"Epoch": 99, "Training Loss": 0.6951015830039978, "Test Loss": 0.8965320587158203, "_timestamp": 1692605332.630697, "_runtime": 12.033409118652344, "_step": 99, "_wandb": {"runtime": 10}}