{"Epoch": 29, "Training Loss": 0.57293694562467, "Test Loss": 0.5782992935333496, "_timestamp": 1693750526.4827242, "_runtime": 524.0790121555328, "_step": 29, "_wandb": {"runtime": 523}}