{"Epoch": 99, "Training Loss": 0.6572077751159668, "Test Loss": 0.9152625203132629, "_timestamp": 1692605392.6404705, "_runtime": 12.04822039604187, "_step": 99, "_wandb": {"runtime": 10}}