{"Epoch": 99, "Training Loss": 0.6700028538703918, "Test Loss": 0.9135618805885315, "_timestamp": 1692605176.9278154, "_runtime": 14.074151515960693, "_step": 99, "_wandb": {"runtime": 10}}