{"Epoch": 249, "Training Loss": 0.3615043833578899, "Test Loss": 0.4653715099661778, "_timestamp": 1692257791.3195403, "_runtime": 1675.706255197525, "_step": 249, "_wandb": {"runtime": 1674}}