{"Epoch": 99, "Training Loss": 0.6352579116821289, "Test Loss": 0.9033939242362976, "_timestamp": 1692605357.2026598, "_runtime": 12.178031921386719, "_step": 99, "_wandb": {"runtime": 10}}