{"Epoch": 29, "Training Loss": 0.5882893285137013, "Test Loss": 0.632937411899152, "_timestamp": 1693736505.8145583, "_runtime": 85.51451921463013, "_step": 29, "_wandb": {"runtime": 84}}