{"Epoch": 99, "Training Loss": 0.6561261177062988, "Test Loss": 0.8985369801521301, "_timestamp": 1692605038.7723658, "_runtime": 12.387618780136108, "_step": 99, "_wandb": {"runtime": 10}}