{"Horizon": 24, "Test Loss": 1.0029340125620365, "_timestamp": 1693653290.3894467, "_runtime": 35.915844678878784, "_step": 23, "_wandb": {"runtime": 34}}