{"Epoch": 249, "Training Loss": 0.31472386717796325, "Test Loss": 1.0295134782791138, "_timestamp": 1692597048.271022, "_runtime": 24.845149040222168, "_step": 249, "_wandb": {"runtime": 23}}