{"Epoch": 29, "Training Loss": 0.18796920413722276, "Test Loss": 0.1896824680077724, "_timestamp": 1693746796.701044, "_runtime": 252.17331314086914, "_step": 29, "_wandb": {"runtime": 242}}