{"Epoch": 29, "Training Loss": 0.572179892997602, "Test Loss": 0.5884341234580065, "_timestamp": 1693652334.780865, "_runtime": 269.78118896484375, "_step": 29, "_wandb": {"runtime": 267}}