{"Horizon": 24, "Test Loss": 0.9918907502932208, "_timestamp": 1693667820.90731, "_runtime": 19.836647033691406, "_step": 23, "_wandb": {"runtime": 18}}