{"Epoch": 249, "Training Loss": 0.17712366979419095, "Test Loss": 0.24644379461040863, "_timestamp": 1692085948.1784105, "_runtime": 1050.3290014266968, "_step": 249, "_wandb": {"runtime": 1048}}