{"Horizon": 24, "Test Loss": 1.0175473977412497, "_timestamp": 1693655006.4196937, "_runtime": 36.648507595062256, "_step": 23, "_wandb": {"runtime": 35}}