{"Epoch": 99, "Training Loss": 0.6774762630462646, "Test Loss": 0.9078575372695923, "_timestamp": 1692604996.6149287, "_runtime": 12.383286714553833, "_step": 99, "_wandb": {"runtime": 11}}