{"Epoch": 29, "Training Loss": 0.5721568519815857, "Test Loss": 0.5891657318824377, "_timestamp": 1693653854.672663, "_runtime": 314.250657081604, "_step": 29, "_wandb": {"runtime": 312}}