{"Epoch": 249, "Training Loss": 0.31543023586273194, "Test Loss": 1.010679006576538, "_timestamp": 1692597834.3983734, "_runtime": 24.70081925392151, "_step": 249, "_wandb": {"runtime": 23}}