{"Horizon": 24, "Test Loss": 1.0696775482169218, "_timestamp": 1693654543.2944658, "_runtime": 34.854782819747925, "_step": 23, "_wandb": {"runtime": 33}}