{"Epoch": 249, "Training Loss": 0.39230366335028694, "Test Loss": 0.4304316460322111, "_timestamp": 1692124252.2023036, "_runtime": 1487.0614545345306, "_step": 249, "_wandb": {"runtime": 1485}}