{"Epoch": 249, "Training Loss": 0.33005948066711427, "Test Loss": 0.9599477648735046, "_timestamp": 1692597296.6623962, "_runtime": 24.43482208251953, "_step": 249, "_wandb": {"runtime": 23}}