{"Epoch": 29, "Training Loss": 0.6685560408391451, "Test Loss": 0.7421765923500061, "_timestamp": 1693755789.2811265, "_runtime": 23.20911741256714, "_step": 29, "_wandb": {"runtime": 21}}