{"Epoch": 29, "Training Loss": 0.5726925532204888, "Test Loss": 0.5796448555894387, "_timestamp": 1693748589.692411, "_runtime": 557.6381988525391, "_step": 29, "_wandb": {"runtime": 557}}