{"Epoch": 29, "Training Loss": 0.6460040430633389, "Test Loss": 0.7008334948466375, "_timestamp": 1694183597.0593932, "_runtime": 42.62661623954773, "_step": 29, "_wandb": {"runtime": 41}}