{"Epoch": 99, "Training Loss": 0.6537152886390686, "Test Loss": 0.8848533630371094, "_timestamp": 1692605523.3610446, "_runtime": 12.174033641815186, "_step": 99, "_wandb": {"runtime": 10}}