{"Horizon": 24, "Test Loss": 0.9924491851457528, "_timestamp": 1693669235.1890972, "_runtime": 19.285534143447876, "_step": 23, "_wandb": {"runtime": 17}}