{"Epoch": 29, "Training Loss": 0.6551894302337625, "Test Loss": 0.6085547659641657, "_timestamp": 1693809709.42787, "_runtime": 634.3170659542084, "_step": 29, "_wandb": {"runtime": 633}}