{"Epoch": 249, "Training Loss": 0.31606037020683286, "Test Loss": 0.9763271808624268, "_timestamp": 1692597111.1700113, "_runtime": 25.01713728904724, "_step": 249, "_wandb": {"runtime": 23}}