{"Epoch": 29, "Training Loss": 0.9668079853057862, "Test Loss": 1.0647557973861694, "_timestamp": 1693755655.773975, "_runtime": 6.4703569412231445, "_step": 29, "_wandb": {"runtime": 5}}