{"Epoch": 249, "Training Loss": 0.26927645804681183, "Test Loss": 0.41933813557410854, "_timestamp": 1692089310.0986738, "_runtime": 1262.624960899353, "_step": 249, "_wandb": {"runtime": 1261}}