{"Epoch": 29, "Training Loss": 0.5723475304060367, "Test Loss": 0.5885881605820779, "_timestamp": 1693660335.1557932, "_runtime": 275.5368022918701, "_step": 29, "_wandb": {"runtime": 274}}