{"Epoch": 249, "Training Loss": 0.482435608794401, "Test Loss": 0.5935122607610165, "_timestamp": 1692100770.3643942, "_runtime": 2231.084179162979, "_step": 249, "_wandb": {"runtime": 2229}}