{"Epoch": 29, "Training Loss": 0.09235237656168012, "Test Loss": 0.09353433501644012, "_timestamp": 1692607334.7403955, "_runtime": 115.45024347305298, "_step": 29, "_wandb": {"runtime": 109}}