{"Epoch": 29, "Training Loss": 0.5795175166793796, "Test Loss": 0.6098354198993781, "_timestamp": 1694184064.8832126, "_runtime": 146.26407051086426, "_step": 29, "_wandb": {"runtime": 144}}