{"Epoch": 249, "Training Loss": 0.39837692301351946, "Test Loss": 0.6883160227384323, "_timestamp": 1692202849.9715621, "_runtime": 1953.645182132721, "_step": 249, "_wandb": {"runtime": 1952}}