{"Epoch": 249, "Training Loss": 0.17986369425014698, "Test Loss": 0.19677203979629737, "_timestamp": 1692167013.6650038, "_runtime": 1079.1297347545624, "_step": 249, "_wandb": {"runtime": 1077}}