{"Epoch": 29, "Training Loss": 0.5741683957997747, "Test Loss": 0.5823116632990348, "_timestamp": 1693808385.6812418, "_runtime": 516.5076267719269, "_step": 29, "_wandb": {"runtime": 515}}