{"Epoch": 91, "Training Loss": 0.39266684858790246, "Test Loss": 0.42088878345795167, "_timestamp": 1692385750.8908982, "_runtime": 571.6320221424103, "_step": 91}