{"Horizon": 24, "Test Loss": 0.9836612455546856, "_timestamp": 1693668645.9607117, "_runtime": 19.95652461051941, "_step": 23, "_wandb": {"runtime": 19}}