{"Epoch": 29, "Training Loss": 0.5657981766230894, "Test Loss": 0.5843397333071783, "_timestamp": 1692611003.9576142, "_runtime": 262.39397406578064, "_step": 29, "_wandb": {"runtime": 260}}