{"Epoch": 249, "Training Loss": 0.3026599586009979, "Test Loss": 1.0071076154708862, "_timestamp": 1692597680.3981252, "_runtime": 24.498765230178833, "_step": 249, "_wandb": {"runtime": 23}}