{"Epoch": 29, "Training Loss": 0.8337138928472996, "Test Loss": 0.8474416136741638, "_timestamp": 1694183393.2394345, "_runtime": 14.938929557800293, "_step": 29, "_wandb": {"runtime": 13}}