{"Epoch": 249, "Training Loss": 0.32047494372605406, "Test Loss": 0.5294730122654866, "_timestamp": 1692121262.3381598, "_runtime": 1483.902483701706, "_step": 249, "_wandb": {"runtime": 1482}}