{"Epoch": 249, "Training Loss": 0.38891004773723337, "Test Loss": 0.4310341305457629, "_timestamp": 1692196212.7096503, "_runtime": 1372.7980043888092, "_step": 249, "_wandb": {"runtime": 1371}}