{"Epoch": 49, "Training Loss": 0.22276831587591725, "Test Loss": 0.22079307368646064, "_timestamp": 1693672655.3535383, "_runtime": 424.1549892425537, "_step": 49, "_wandb": {"runtime": 423}}