{"Epoch": 249, "Training Loss": 0.0781659208674789, "Test Loss": 0.08091645277081391, "_timestamp": 1692376132.8194597, "_runtime": 1018.297111749649, "_step": 249, "_wandb": {"runtime": 1016}}