{"Epoch": 29, "Training Loss": 0.5726170727449715, "Test Loss": 0.5810550254506942, "_timestamp": 1693668613.7041216, "_runtime": 565.092809677124, "_step": 29, "_wandb": {"runtime": 564}}