{"Epoch": 29, "Training Loss": 0.5728173574393535, "Test Loss": 0.579789743018456, "_timestamp": 1693898709.8627975, "_runtime": 589.2071764469147, "_step": 29, "_wandb": {"runtime": 587}}