{"Epoch": 249, "Training Loss": 0.18397858547858703, "Test Loss": 0.20091021213776025, "_timestamp": 1692114856.653005, "_runtime": 1059.5374188423157, "_step": 249, "_wandb": {"runtime": 1058}}