{"Epoch": 29, "Training Loss": 0.33021891397941255, "Test Loss": 0.3346150188873976, "_timestamp": 1693897247.228342, "_runtime": 280.1946439743042, "_step": 29, "_wandb": {"runtime": 278}}