{"Horizon": 24, "Test Loss": 1.0029128608959061, "_timestamp": 1693653617.3075268, "_runtime": 37.98080587387085, "_step": 23, "_wandb": {"runtime": 35}}