{"Epoch": 249, "Training Loss": 0.06800365528507983, "Test Loss": 0.09717493685774314, "_timestamp": 1692213584.5188506, "_runtime": 845.365879535675, "_step": 249, "_wandb": {"runtime": 844}}