{"Epoch": 249, "Training Loss": 0.38886656713136386, "Test Loss": 0.42886549215286207, "_timestamp": 1692354148.61988, "_runtime": 1507.7297558784485, "_step": 249, "_wandb": {"runtime": 1506}}