{"Epoch": 249, "Training Loss": 0.43750905035397947, "Test Loss": 0.7389152661348001, "_timestamp": 1692157154.6639457, "_runtime": 2344.279766559601, "_step": 249, "_wandb": {"runtime": 2342}}