{"Epoch": 249, "Training Loss": 0.38303108043941386, "Test Loss": 0.43399651176654375, "_timestamp": 1692429103.633052, "_runtime": 1582.117620229721, "_step": 249, "_wandb": {"runtime": 1580}}