{"Epoch": 29, "Training Loss": 0.20414808669280046, "Test Loss": 0.2063473786872167, "_timestamp": 1693747409.854074, "_runtime": 231.87702202796936, "_step": 29, "_wandb": {"runtime": 231}}