{"Epoch": 29, "Training Loss": 0.9793578147888183, "Test Loss": 1.0877537727355957, "_timestamp": 1694183350.8779895, "_runtime": 8.309460639953613, "_step": 29, "_wandb": {"runtime": 7}}