{"Epoch": 249, "Training Loss": 0.3762494766668522, "Test Loss": 0.7220607995986938, "_timestamp": 1692345061.4000273, "_runtime": 2285.2040481567383, "_step": 249, "_wandb": {"runtime": 2284}}