{"Epoch": 249, "Training Loss": 0.4181597772098723, "Test Loss": 0.5442648824208822, "_timestamp": 1692357599.268393, "_runtime": 1718.8869960308075, "_step": 249, "_wandb": {"runtime": 1717}}