{"Epoch": 29, "Training Loss": 0.5725430771981403, "Test Loss": 0.5890285682219726, "_timestamp": 1693660053.4384665, "_runtime": 270.6846535205841, "_step": 29, "_wandb": {"runtime": 269}}