{"Epoch": 249, "Training Loss": 0.3158658266067505, "Test Loss": 1.0049840211868286, "_timestamp": 1692597487.6233125, "_runtime": 24.713752508163452, "_step": 249, "_wandb": {"runtime": 23}}