{"Epoch": 29, "Training Loss": 0.6011690415373636, "Test Loss": 0.6381649913326386, "_timestamp": 1694183705.129086, "_runtime": 61.12764811515808, "_step": 29, "_wandb": {"runtime": 59}}