{"Epoch": 29, "Training Loss": 0.5866157460066438, "Test Loss": 0.6326942871446195, "_timestamp": 1693756042.1717443, "_runtime": 82.27241826057434, "_step": 29, "_wandb": {"runtime": 80}}