{"Epoch": 249, "Training Loss": 0.3853659703508838, "Test Loss": 0.43138134957124025, "_timestamp": 1692259458.3317187, "_runtime": 1660.53156375885, "_step": 249, "_wandb": {"runtime": 1659}}