{"Epoch": 249, "Training Loss": 0.3013389352913741, "Test Loss": 0.34774935646699023, "_timestamp": 1692118485.9791565, "_runtime": 1270.714509487152, "_step": 249, "_wandb": {"runtime": 1269}}