{"Epoch": 29, "Training Loss": 0.6724692596945652, "Test Loss": 0.7204507837692896, "_timestamp": 1694183547.1356025, "_runtime": 27.700359582901, "_step": 29, "_wandb": {"runtime": 25}}