{"Epoch": 29, "Training Loss": 0.5306442441573845, "Test Loss": 0.5375246174442463, "_timestamp": 1693735689.152013, "_runtime": 727.431930065155, "_step": 29, "_wandb": {"runtime": 726}}