{"Horizon": 10, "Test Loss": 0.9085738914353507, "_timestamp": 1693667733.3904033, "_runtime": 9.396122217178345, "_step": 9, "_wandb": {"runtime": 9}}