{"Epoch": 249, "Training Loss": 0.2977266897321184, "Test Loss": 0.5523946438080225, "_timestamp": 1692425925.470111, "_runtime": 1577.3959889411926, "_step": 249, "_wandb": {"runtime": 1576}}