{"Epoch": 56, "Training Loss": 0.42656286230017415, "Test Loss": 0.539311728034264, "_timestamp": 1692124649.655269, "_runtime": 390.9604790210724, "_step": 56}