{"Epoch": 99, "Training Loss": 0.7089709520339966, "Test Loss": 0.9056177735328674, "_timestamp": 1692605374.9346445, "_runtime": 12.14347243309021, "_step": 99, "_wandb": {"runtime": 10}}