{"Horizon": 24, "Test Loss": 1.271309765321868, "_timestamp": 1693654298.3597674, "_runtime": 36.55699038505554, "_step": 23, "_wandb": {"runtime": 35}}