{"Horizon": 24, "Test Loss": 0.9834239482879639, "_timestamp": 1693667794.4983964, "_runtime": 19.23040747642517, "_step": 23, "_wandb": {"runtime": 18}}