{"Epoch": 249, "Training Loss": 0.08256602410104248, "Test Loss": 0.08839158207560197, "_timestamp": 1692163846.4763749, "_runtime": 980.3019568920135, "_step": 249, "_wandb": {"runtime": 978}}