{"Epoch": 249, "Training Loss": 0.25651048309418745, "Test Loss": 0.41939367487644535, "_timestamp": 1692117209.8956344, "_runtime": 1277.044781446457, "_step": 249, "_wandb": {"runtime": 1274}}