{"Epoch": 29, "Training Loss": 0.18799178045982629, "Test Loss": 0.189892271008247, "_timestamp": 1693745326.1716325, "_runtime": 238.11587762832642, "_step": 29, "_wandb": {"runtime": 236}}