{"Epoch": 249, "Training Loss": 0.2963569343090057, "Test Loss": 1.0469589233398438, "_timestamp": 1692596983.2649596, "_runtime": 24.86399269104004, "_step": 249, "_wandb": {"runtime": 23}}