{"Epoch": 249, "Training Loss": 0.4274199205440479, "Test Loss": 0.5349965126086504, "_timestamp": 1692146379.263145, "_runtime": 1722.1682438850403, "_step": 249, "_wandb": {"runtime": 1720}}