{"Epoch": 29, "Training Loss": 0.3303631793557506, "Test Loss": 0.3375776041394625, "_timestamp": 1692606509.174499, "_runtime": 144.08715105056763, "_step": 29, "_wandb": {"runtime": 142}}