{"Epoch": 99, "Training Loss": 0.6940396666526795, "Test Loss": 0.9001895785331726, "_timestamp": 1692605254.31353, "_runtime": 12.193650960922241, "_step": 99, "_wandb": {"runtime": 10}}