{"Epoch": 29, "Training Loss": 0.5749309697165722, "Test Loss": 0.6033177971839905, "_timestamp": 1693756469.6821568, "_runtime": 162.01663875579834, "_step": 29, "_wandb": {"runtime": 160}}