{"Epoch": 249, "Training Loss": 0.3027182400226593, "Test Loss": 0.9845574498176575, "_timestamp": 1692597648.858436, "_runtime": 24.43366503715515, "_step": 249, "_wandb": {"runtime": 22}}