{"Epoch": 249, "Training Loss": 0.42443121882367046, "Test Loss": 0.7455713913226739, "_timestamp": 1692368376.5495915, "_runtime": 2315.8392944335938, "_step": 249, "_wandb": {"runtime": 2313}}