{"Epoch": 249, "Training Loss": 0.3084735032512155, "Test Loss": 0.33129886174813294, "_timestamp": 1692172026.9484472, "_runtime": 1295.7357242107391, "_step": 249, "_wandb": {"runtime": 1294}}