{"Epoch": 29, "Training Loss": 0.572197363380984, "Test Loss": 0.5882463115148056, "_timestamp": 1693659495.8545027, "_runtime": 274.95567560195923, "_step": 29, "_wandb": {"runtime": 273}}