{"Epoch": 249, "Training Loss": 0.5280173393068733, "Test Loss": 0.6214247850271372, "_timestamp": 1692373044.7486207, "_runtime": 2331.4347908496857, "_step": 249, "_wandb": {"runtime": 2329}}