{"Epoch": 99, "Training Loss": 0.6800807595252991, "Test Loss": 0.8937316536903381, "_timestamp": 1692605195.88705, "_runtime": 12.166728019714355, "_step": 99, "_wandb": {"runtime": 10}}