{"Horizon": 24, "Test Loss": 1.0999684355088644, "_timestamp": 1693653532.8964264, "_runtime": 37.07748746871948, "_step": 23, "_wandb": {"runtime": 36}}