{"Epoch": 29, "Training Loss": 0.5724753726533044, "Test Loss": 0.5891169863633621, "_timestamp": 1693655223.593365, "_runtime": 370.5494210720062, "_step": 29, "_wandb": {"runtime": 369}}