{"Epoch": 29, "Training Loss": 0.08576211587535278, "Test Loss": 0.08655935891259176, "_timestamp": 1693742058.2059333, "_runtime": 219.53269243240356, "_step": 29, "_wandb": {"runtime": 218}}