{"Epoch": 249, "Training Loss": 0.3116722762584686, "Test Loss": 0.972612202167511, "_timestamp": 1692597715.0621088, "_runtime": 24.688390731811523, "_step": 249, "_wandb": {"runtime": 23}}