{"Epoch": 29, "Training Loss": 0.32223191453423694, "Test Loss": 0.32867429787531877, "_timestamp": 1692607619.888983, "_runtime": 145.27604603767395, "_step": 29, "_wandb": {"runtime": 143}}