{"Epoch": 29, "Training Loss": 0.47931533315698704, "Test Loss": 0.48589568766645896, "_timestamp": 1693899223.7297986, "_runtime": 356.1608386039734, "_step": 29, "_wandb": {"runtime": 355}}