{"Epoch": 99, "Training Loss": 0.6819041013717652, "Test Loss": 0.8923999667167664, "_timestamp": 1692605290.4905434, "_runtime": 12.179981470108032, "_step": 99, "_wandb": {"runtime": 10}}