{"Epoch": 29, "Training Loss": 0.08128499826450487, "Test Loss": 0.08208395464298053, "_timestamp": 1692609960.4636104, "_runtime": 115.14849948883057, "_step": 29, "_wandb": {"runtime": 113}}