{"Epoch": 249, "Training Loss": 0.40135677027833333, "Test Loss": 0.4331733792638167, "_timestamp": 1692096312.9613104, "_runtime": 1475.9455904960632, "_step": 249, "_wandb": {"runtime": 1474}}