{"Epoch": 249, "Training Loss": 0.1547655742956605, "Test Loss": 0.22326169545069718, "_timestamp": 1692251927.5392435, "_runtime": 1217.715758562088, "_step": 249, "_wandb": {"runtime": 1216}}