{"Epoch": 29, "Training Loss": 0.5726555145922161, "Test Loss": 0.5890564119968659, "_timestamp": 1693659214.2486317, "_runtime": 276.8519456386566, "_step": 29, "_wandb": {"runtime": 276}}