{"Epoch": 249, "Training Loss": 0.3428331504920463, "Test Loss": 0.6447654626308343, "_timestamp": 1692271518.2138112, "_runtime": 1776.80135512352, "_step": 249, "_wandb": {"runtime": 1776}}