{"Epoch": 29, "Training Loss": 0.5785847118485978, "Test Loss": 0.609362142972457, "_timestamp": 1693756302.7888205, "_runtime": 137.29623651504517, "_step": 29, "_wandb": {"runtime": 135}}