{"Epoch": 249, "Training Loss": 0.30729849338531495, "Test Loss": 1.0185952186584473, "_timestamp": 1692597233.6263332, "_runtime": 24.47612714767456, "_step": 249, "_wandb": {"runtime": 23}}