{"Epoch": 29, "Training Loss": 0.4048907938566837, "Test Loss": 0.41422308408297026, "_timestamp": 1692610274.795188, "_runtime": 172.62992405891418, "_step": 29, "_wandb": {"runtime": 171}}