{"Epoch": 29, "Training Loss": 0.20411522293843376, "Test Loss": 0.20625038335147577, "_timestamp": 1693737354.7278428, "_runtime": 237.91913390159607, "_step": 29, "_wandb": {"runtime": 236}}