{"Epoch": 29, "Training Loss": 0.5724544065557556, "Test Loss": 0.5878384174444736, "_timestamp": 1693654140.2920077, "_runtime": 278.48295378685, "_step": 29, "_wandb": {"runtime": 277}}