{"Epoch": 249, "Training Loss": 0.3046537148646819, "Test Loss": 0.5433439234128365, "_timestamp": 1692256107.4042327, "_runtime": 1681.9054436683655, "_step": 249, "_wandb": {"runtime": 1680}}