{"Epoch": 29, "Training Loss": 0.4705319202644921, "Test Loss": 0.4826075851153105, "_timestamp": 1692610477.2273803, "_runtime": 195.5557723045349, "_step": 29, "_wandb": {"runtime": 194}}