{"Epoch": 249, "Training Loss": 0.3308160424232483, "Test Loss": 1.013510823249817, "_timestamp": 1692597551.9986, "_runtime": 24.6082980632782, "_step": 249, "_wandb": {"runtime": 23}}