{"Epoch": 29, "Training Loss": 0.5725472083676866, "Test Loss": 0.588650643825531, "_timestamp": 1693654503.6117437, "_runtime": 355.82272958755493, "_step": 29, "_wandb": {"runtime": 354}}