{"Epoch": 29, "Training Loss": 0.5723204686964825, "Test Loss": 0.588847008271095, "_timestamp": 1693654846.176174, "_runtime": 334.451397895813, "_step": 29, "_wandb": {"runtime": 333}}