{"Horizon": 24, "Test Loss": 1.1388862015945571, "_timestamp": 1693653250.5398045, "_runtime": 36.5875985622406, "_step": 23, "_wandb": {"runtime": 35}}