{"Epoch": 249, "Training Loss": 0.32224830985069275, "Test Loss": 1.0022281408309937, "_timestamp": 1692597582.436599, "_runtime": 24.548834085464478, "_step": 249, "_wandb": {"runtime": 23}}