{"Epoch": 29, "Training Loss": 0.47925191719599636, "Test Loss": 0.4860612278183301, "_timestamp": 1693734951.1562915, "_runtime": 383.60128450393677, "_step": 29, "_wandb": {"runtime": 382}}