{"Epoch": 249, "Training Loss": 0.4363480134433879, "Test Loss": 0.6461996760887977, "_timestamp": 1692347338.6842961, "_runtime": 2266.8415081501007, "_step": 249, "_wandb": {"runtime": 2265}}