{"Epoch": 29, "Training Loss": 0.5427927722215434, "Test Loss": 0.6653392452460068, "_timestamp": 1693808981.6679957, "_runtime": 512.392924785614, "_step": 29, "_wandb": {"runtime": 511}}