{"Epoch": 29, "Training Loss": 0.6388291937333567, "Test Loss": 0.7048325498898824, "_timestamp": 1693736331.404009, "_runtime": 49.60077619552612, "_step": 29, "_wandb": {"runtime": 48}}