{"Epoch": 99, "Training Loss": 0.6465203523635864, "Test Loss": 0.9180629253387451, "_timestamp": 1692605487.5539904, "_runtime": 12.179563283920288, "_step": 99, "_wandb": {"runtime": 10}}