{"Epoch": 249, "Training Loss": 0.1633516836079049, "Test Loss": 0.23607003297179174, "_timestamp": 1692113789.9711556, "_runtime": 1063.2049367427826, "_step": 249, "_wandb": {"runtime": 1061}}