{"Epoch": 249, "Training Loss": 0.36785164109734825, "Test Loss": 0.6164373331345044, "_timestamp": 1692144648.0780854, "_runtime": 1700.0743734836578, "_step": 249, "_wandb": {"runtime": 1699}}