{"Epoch": 99, "Training Loss": 0.6471914887428284, "Test Loss": 0.8898361325263977, "_timestamp": 1692605101.993081, "_runtime": 12.240478992462158, "_step": 99, "_wandb": {"runtime": 10}}