{"Epoch": 249, "Training Loss": 0.10020614602353983, "Test Loss": 0.1177425363029425, "_timestamp": 1692083011.811946, "_runtime": 926.9851999282837, "_step": 249, "_wandb": {"runtime": 926}}