{"Epoch": 29, "Training Loss": 0.3893023044797988, "Test Loss": 0.5802097098949628, "_timestamp": 1693749801.1756034, "_runtime": 523.6376605033875, "_step": 29, "_wandb": {"runtime": 522}}