{"Epoch": 29, "Training Loss": 0.7429499115262713, "Test Loss": 0.8107597331206003, "_timestamp": 1694183423.945664, "_runtime": 16.65438985824585, "_step": 29, "_wandb": {"runtime": 15}}