{"Epoch": 29, "Training Loss": 0.1921423246635828, "Test Loss": 0.19403986637599957, "_timestamp": 1693746538.2017362, "_runtime": 239.72366619110107, "_step": 29, "_wandb": {"runtime": 239}}