{"Horizon": 24, "Test Loss": 1.0632878659026963, "_timestamp": 1693654843.801621, "_runtime": 36.25129985809326, "_step": 23, "_wandb": {"runtime": 35}}