{"Epoch": 249, "Training Loss": 0.30704827308654786, "Test Loss": 1.0119410753250122, "_timestamp": 1692597517.4117422, "_runtime": 24.571478128433228, "_step": 249, "_wandb": {"runtime": 23}}