{"Epoch": 29, "Training Loss": 0.5725498243089346, "Test Loss": 0.5806664226528926, "_timestamp": 1693811396.2324889, "_runtime": 645.0282528400421, "_step": 29, "_wandb": {"runtime": 644}}