{"Epoch": 249, "Training Loss": 0.302988737821579, "Test Loss": 1.0127583742141724, "_timestamp": 1692597204.0069199, "_runtime": 24.718573808670044, "_step": 249, "_wandb": {"runtime": 23}}