{"Epoch": 29, "Training Loss": 0.47411656019451853, "Test Loss": 0.48698493666373766, "_timestamp": 1692607994.764291, "_runtime": 193.12377905845642, "_step": 29, "_wandb": {"runtime": 191}}