{"Epoch": 29, "Training Loss": 0.5229248255491257, "Test Loss": 0.5381504782499411, "_timestamp": 1692610730.7022426, "_runtime": 248.4638135433197, "_step": 29, "_wandb": {"runtime": 247}}