{"Epoch": 249, "Training Loss": 0.17656611697577732, "Test Loss": 0.19142112040366882, "_timestamp": 1692378411.6821592, "_runtime": 1133.6881861686707, "_step": 249, "_wandb": {"runtime": 1132}}