{"Epoch": 29, "Training Loss": 0.20415392618929695, "Test Loss": 0.20626194541079876, "_timestamp": 1693978929.6968803, "_runtime": 237.20755624771118, "_step": 29, "_wandb": {"runtime": 236}}