{"Epoch": 249, "Training Loss": 0.0885316326722994, "Test Loss": 0.09354282041581777, "_timestamp": 1692111758.7276947, "_runtime": 956.582704782486, "_step": 249, "_wandb": {"runtime": 955}}