{"Epoch": 29, "Training Loss": 0.10710846251669218, "Test Loss": 0.10784706198729765, "_timestamp": 1693737110.5367162, "_runtime": 212.38533425331116, "_step": 29, "_wandb": {"runtime": 211}}