{"Epoch": 29, "Training Loss": 0.47931116238604526, "Test Loss": 0.4858116648900203, "_timestamp": 1693649232.5999079, "_runtime": 388.7979738712311, "_step": 29, "_wandb": {"runtime": 388}}