{"Epoch": 249, "Training Loss": 0.1873064798749847, "Test Loss": 0.19640480392636397, "_timestamp": 1692115925.067131, "_runtime": 1060.6289601325989, "_step": 249, "_wandb": {"runtime": 1059}}