{"Epoch": 29, "Training Loss": 0.8883318305015564, "Test Loss": 0.881933331489563, "_timestamp": 1693736003.6682382, "_runtime": 13.620522260665894, "_step": 29, "_wandb": {"runtime": 12}}