{"Epoch": 249, "Training Loss": 0.43937302165197367, "Test Loss": 0.51811055208628, "_timestamp": 1692275100.3283663, "_runtime": 1778.7281363010406, "_step": 249, "_wandb": {"runtime": 1777}}