{"Epoch": 149, "Training Loss": 0.5398348613536401, "Test Loss": 0.6177932658256629, "_timestamp": 1694188002.980549, "_runtime": 1359.6751000881195, "_step": 149, "_wandb": {"runtime": 1358}}