{"Epoch": 31, "Training Loss": 0.5714901735931089, "Test Loss": 0.5883972705938877, "_timestamp": 1694186933.631515, "_runtime": 290.3260660171509, "_step": 31}