{"Epoch": 29, "Training Loss": 0.20498406897971044, "Test Loss": 0.208601852449087, "_timestamp": 1692606357.252089, "_runtime": 119.41515898704529, "_step": 29, "_wandb": {"runtime": 118}}