{"Epoch": 29, "Training Loss": 0.19309915872393074, "Test Loss": 0.19621287295833612, "_timestamp": 1692607463.3891184, "_runtime": 121.78796052932739, "_step": 29, "_wandb": {"runtime": 120}}