{"Epoch": 29, "Training Loss": 0.5721324647302592, "Test Loss": 0.5886463354795407, "_timestamp": 1692607214.0520587, "_runtime": 267.6721007823944, "_step": 29, "_wandb": {"runtime": 266}}