{"Epoch": 29, "Training Loss": 0.572161349948946, "Test Loss": 0.5891602853169808, "_timestamp": 1693653534.495543, "_runtime": 352.004919052124, "_step": 29, "_wandb": {"runtime": 351}}