{"Epoch": 29, "Training Loss": 0.6826567414559817, "Test Loss": 0.7497215330600738, "_timestamp": 1694183512.0930002, "_runtime": 25.061546087265015, "_step": 29, "_wandb": {"runtime": 23}}