{"Epoch": 249, "Training Loss": 0.0831599178086052, "Test Loss": 0.1035376037351596, "_timestamp": 1692110795.8635154, "_runtime": 955.4723353385925, "_step": 249, "_wandb": {"runtime": 954}}