{"Epoch": 29, "Training Loss": 0.3197363095405774, "Test Loss": 0.3259380975594887, "_timestamp": 1692608929.6745317, "_runtime": 146.7513566017151, "_step": 29, "_wandb": {"runtime": 145}}