{"Epoch": 249, "Training Loss": 0.5463738131435799, "Test Loss": 0.6098253004826032, "_timestamp": 1692109833.8856456, "_runtime": 2290.9577317237854, "_step": 249, "_wandb": {"runtime": 2289}}