{"Epoch": 249, "Training Loss": 0.43562527792357697, "Test Loss": 0.6442258277764688, "_timestamp": 1692439362.1975806, "_runtime": 2433.9298775196075, "_step": 249, "_wandb": {"runtime": 2432}}