{"Horizon": 24, "Test Loss": 1.5638456685202462, "_timestamp": 1693654257.0298424, "_runtime": 35.79120445251465, "_step": 23, "_wandb": {"runtime": 34}}