{"Horizon": 24, "Test Loss": 1.5500774074878012, "_timestamp": 1693654214.4834757, "_runtime": 36.31307363510132, "_step": 23, "_wandb": {"runtime": 35}}