{"Epoch": 29, "Training Loss": 0.6025377889291956, "Test Loss": 0.6392933034127758, "_timestamp": 1693736415.3374183, "_runtime": 77.95015931129456, "_step": 29, "_wandb": {"runtime": 76}}