{"Epoch": 249, "Training Loss": 0.3211242071874849, "Test Loss": 0.3407555232063318, "_timestamp": 1692091863.6756246, "_runtime": 1275.206386566162, "_step": 249, "_wandb": {"runtime": 1273}}