{"Epoch": 29, "Training Loss": 0.5744420445009029, "Test Loss": 0.5801867857957498, "_timestamp": 1693811921.508052, "_runtime": 434.8015990257263, "_step": 29, "_wandb": {"runtime": 434}}