{"Horizon": 24, "Test Loss": 0.9837005287408829, "_timestamp": 1693669186.3841531, "_runtime": 19.581422090530396, "_step": 23, "_wandb": {"runtime": 18}}