{"Epoch": 29, "Training Loss": 0.41509870501799206, "Test Loss": 0.42114825632709724, "_timestamp": 1693738067.8191152, "_runtime": 370.50301814079285, "_step": 29, "_wandb": {"runtime": 369}}