{"Epoch": 29, "Training Loss": 0.5261595335417178, "Test Loss": 0.5407809985753818, "_timestamp": 1692608254.1727903, "_runtime": 253.92010235786438, "_step": 29, "_wandb": {"runtime": 251}}