{"Horizon": 24, "Test Loss": 1.1000396609306335, "_timestamp": 1693653205.9367366, "_runtime": 32.010807514190674, "_step": 23, "_wandb": {"runtime": 31}}