{"Epoch": 249, "Training Loss": 0.4472444216846983, "Test Loss": 0.5082541847458253, "_timestamp": 1692200887.3171587, "_runtime": 1520.90762758255, "_step": 249, "_wandb": {"runtime": 1521}}