{"Epoch": 29, "Training Loss": 0.5854695685412905, "Test Loss": 0.6160387973631581, "_timestamp": 1693756160.0443194, "_runtime": 110.00522327423096, "_step": 29, "_wandb": {"runtime": 108}}