{"Epoch": 107, "Training Loss": 0.3928552924931704, "Test Loss": 0.4255831623688722, "_timestamp": 1692174227.6615114, "_runtime": 659.9546523094177, "_step": 107, "_wandb": {"runtime": 663}}