{"Epoch": 29, "Training Loss": 0.7707539995511373, "Test Loss": 0.8274804055690765, "_timestamp": 1693755712.0791304, "_runtime": 14.834478378295898, "_step": 29, "_wandb": {"runtime": 13}}