{"Epoch": 249, "Training Loss": 0.15872949754798804, "Test Loss": 0.23070525855590135, "_timestamp": 1692165928.0798676, "_runtime": 1082.9246156215668, "_step": 249, "_wandb": {"runtime": 1081}}