{"Epoch": 249, "Training Loss": 0.29303751301852776, "Test Loss": 0.3460237544316512, "_timestamp": 1692382248.7580438, "_runtime": 1340.2722117900848, "_step": 249, "_wandb": {"runtime": 1338}}