{"Epoch": 29, "Training Loss": 0.5723694284538646, "Test Loss": 0.5883319939558322, "_timestamp": 1693653174.1440325, "_runtime": 279.8003234863281, "_step": 29, "_wandb": {"runtime": 278}}