{"Horizon": 24, "Test Loss": 0.99164708171572, "_timestamp": 1693668900.3771694, "_runtime": 21.51699733734131, "_step": 23, "_wandb": {"runtime": 20}}