{"Epoch": 249, "Training Loss": 0.4203840021467034, "Test Loss": 0.5423762408586649, "_timestamp": 1692199359.9642038, "_runtime": 1565.3460457324982, "_step": 249, "_wandb": {"runtime": 1563}}