{"Epoch": 99, "Training Loss": 0.6493471264839172, "Test Loss": 0.9230350852012634, "_timestamp": 1692605468.7960324, "_runtime": 12.073037385940552, "_step": 99, "_wandb": {"runtime": 10}}