{"Epoch": 29, "Training Loss": 0.5687542342310746, "Test Loss": 0.5758430294883556, "_timestamp": 1693743265.0344946, "_runtime": 548.5678527355194, "_step": 29, "_wandb": {"runtime": 547}}