{"Epoch": 29, "Training Loss": 0.4064042934123682, "Test Loss": 0.41169084245577836, "_timestamp": 1693741056.2408388, "_runtime": 343.965708732605, "_step": 29, "_wandb": {"runtime": 342}}