{"Horizon": 24, "Test Loss": 1.1365195885300636, "_timestamp": 1693655047.8666248, "_runtime": 36.280518770217896, "_step": 23, "_wandb": {"runtime": 34}}