{"Epoch": 99, "Training Loss": 0.6958940625190735, "Test Loss": 0.9114881753921509, "_timestamp": 1692605412.034919, "_runtime": 12.007741928100586, "_step": 99, "_wandb": {"runtime": 10}}