{"Epoch": 29, "Training Loss": 0.5301264472060151, "Test Loss": 0.545269467891791, "_timestamp": 1692606939.0836408, "_runtime": 252.4255657196045, "_step": 29, "_wandb": {"runtime": 251}}