{"Epoch": 249, "Training Loss": 0.17959165360246385, "Test Loss": 0.18704739146125623, "_timestamp": 1692379555.9740508, "_runtime": 1136.5931706428528, "_step": 249, "_wandb": {"runtime": 1130}}