{"Epoch": 29, "Training Loss": 0.6660079859023871, "Test Loss": 0.7199056347211202, "_timestamp": 1693755820.174168, "_runtime": 25.323053121566772, "_step": 29, "_wandb": {"runtime": 24}}