{"Epoch": 99, "Training Loss": 0.6604370594024658, "Test Loss": 0.9188693165779114, "_timestamp": 1692605449.307714, "_runtime": 12.05334210395813, "_step": 99, "_wandb": {"runtime": 10}}