{"Epoch": 249, "Training Loss": 0.3145677775362909, "Test Loss": 0.5360162460651153, "_timestamp": 1692193476.3631346, "_runtime": 1293.250334739685, "_step": 249, "_wandb": {"runtime": 1292}}