{"Horizon": 24, "Test Loss": 2.6761438633714403, "_timestamp": 1693654924.7630756, "_runtime": 36.34492468833923, "_step": 23, "_wandb": {"runtime": 34}}