{"Epoch": 249, "Training Loss": 0.31255767944749896, "Test Loss": 0.535303078018702, "_timestamp": 1692351116.600679, "_runtime": 1496.9743418693542, "_step": 249, "_wandb": {"runtime": 1496}}