{"Epoch": 29, "Training Loss": 0.5684587031930357, "Test Loss": 0.5850437123041886, "_timestamp": 1692608529.18341, "_runtime": 267.19185304641724, "_step": 29, "_wandb": {"runtime": 265}}