{"Epoch": 249, "Training Loss": 0.3596059540798376, "Test Loss": 0.46502823650072783, "_timestamp": 1692427514.3494592, "_runtime": 1583.3664202690125, "_step": 249, "_wandb": {"runtime": 1581}}