{"Epoch": 249, "Training Loss": 0.3139342188835144, "Test Loss": 0.990058422088623, "_timestamp": 1692597774.7144709, "_runtime": 24.621570825576782, "_step": 249, "_wandb": {"runtime": 23}}