{"Horizon": 24, "Test Loss": 1.5510023055332047, "_timestamp": 1693654965.3580391, "_runtime": 36.29583120346069, "_step": 23, "_wandb": {"runtime": 34}}