{"Epoch": 29, "Training Loss": 0.4067108123512058, "Test Loss": 0.4159765860591179, "_timestamp": 1692609106.072903, "_runtime": 169.67123889923096, "_step": 29, "_wandb": {"runtime": 168}}