{"Epoch": 29, "Training Loss": 0.18381738362787844, "Test Loss": 0.18526287052111748, "_timestamp": 1693745590.1288118, "_runtime": 246.9042637348175, "_step": 29, "_wandb": {"runtime": 246}}