{"Epoch": 249, "Training Loss": 0.5270173808375558, "Test Loss": 0.6286318317437783, "_timestamp": 1692212732.747425, "_runtime": 1996.0641269683838, "_step": 249, "_wandb": {"runtime": 1994}}