{"Epoch": 249, "Training Loss": 0.29853747746883297, "Test Loss": 0.552716443171868, "_timestamp": 1692385167.6278539, "_runtime": 1553.960462808609, "_step": 249, "_wandb": {"runtime": 1552}}