{"Epoch": 249, "Training Loss": 0.5162745586463383, "Test Loss": 0.646391321833317, "_timestamp": 1692107535.4257755, "_runtime": 2284.9266335964203, "_step": 249, "_wandb": {"runtime": 2283}}