{"Epoch": 29, "Training Loss": 0.5727649989852311, "Test Loss": 0.5816486915334677, "_timestamp": 1693749246.5765228, "_runtime": 549.2428238391876, "_step": 29, "_wandb": {"runtime": 548}}