{"Horizon": 24, "Test Loss": 1.0084823316761427, "_timestamp": 1693653659.7497714, "_runtime": 36.58792424201965, "_step": 23, "_wandb": {"runtime": 35}}