{"Epoch": 29, "Training Loss": 0.47210106761245935, "Test Loss": 0.4849556766641446, "_timestamp": 1692609305.5046508, "_runtime": 193.63540291786194, "_step": 29, "_wandb": {"runtime": 192}}