{"Epoch": 249, "Training Loss": 0.3062357664108276, "Test Loss": 1.0318939685821533, "_timestamp": 1692597174.15121, "_runtime": 24.781994104385376, "_step": 249, "_wandb": {"runtime": 23}}