{"Epoch": 249, "Training Loss": 0.37135427185903974, "Test Loss": 0.7162173906197915, "_timestamp": 1692436923.522572, "_runtime": 2392.6396601200104, "_step": 249, "_wandb": {"runtime": 2391}}