{"Epoch": 29, "Training Loss": 0.6385208566983541, "Test Loss": 0.7058444857597351, "_timestamp": 1694183637.8497918, "_runtime": 34.110206842422485, "_step": 29, "_wandb": {"runtime": 33}}