{"Epoch": 99, "Training Loss": 0.6772973418235779, "Test Loss": 0.8883927464485168, "_timestamp": 1692605121.3901727, "_runtime": 12.197015762329102, "_step": 99, "_wandb": {"runtime": 10}}