{"Epoch": 249, "Training Loss": 0.155429734087689, "Test Loss": 0.22797876309890014, "_timestamp": 1692377270.4986346, "_runtime": 1130.0609045028687, "_step": 249, "_wandb": {"runtime": 1128}}