{"Epoch": 249, "Training Loss": 0.36805680978210853, "Test Loss": 0.4570205809596257, "_timestamp": 1692352631.827766, "_runtime": 1506.354917049408, "_step": 249, "_wandb": {"runtime": 1504}}