{"Epoch": 249, "Training Loss": 0.20000942316138265, "Test Loss": 0.2077761261891096, "_timestamp": 1692088040.182491, "_runtime": 1042.0381700992584, "_step": 249, "_wandb": {"runtime": 1039}}