{"Epoch": 29, "Training Loss": 0.5726653190784681, "Test Loss": 0.5796392252429937, "_timestamp": 1693736386.7240953, "_runtime": 688.6490354537964, "_step": 29, "_wandb": {"runtime": 687}}