{"Epoch": 249, "Training Loss": 0.08946803755266762, "Test Loss": 0.09240121403947854, "_timestamp": 1692112718.9892788, "_runtime": 954.0542757511139, "_step": 249, "_wandb": {"runtime": 952}}