{"Epoch": 29, "Training Loss": 0.1921009084470536, "Test Loss": 0.19403654389465466, "_timestamp": 1693745082.0363555, "_runtime": 238.11612248420715, "_step": 29, "_wandb": {"runtime": 237}}