{"Epoch": 249, "Training Loss": 0.3022751986980438, "Test Loss": 0.9952652454376221, "_timestamp": 1692597016.8079288, "_runtime": 24.88982582092285, "_step": 249, "_wandb": {"runtime": 23}}