{"Epoch": 29, "Training Loss": 0.7224534131862499, "Test Loss": 0.7532867193222046, "_timestamp": 1693736099.558907, "_runtime": 26.660566091537476, "_step": 29, "_wandb": {"runtime": 25}}