{"Epoch": 29, "Training Loss": 0.5723536900984936, "Test Loss": 0.5893527800456072, "_timestamp": 1693652888.991502, "_runtime": 269.7845709323883, "_step": 29, "_wandb": {"runtime": 268}}