{"Epoch": 249, "Training Loss": 0.07708095585852316, "Test Loss": 0.08252643129955499, "_timestamp": 1692214438.711217, "_runtime": 846.0209360122681, "_step": 249, "_wandb": {"runtime": 844}}