{"Horizon": 24, "Test Loss": 0.9922893675310271, "_timestamp": 1693667844.4663398, "_runtime": 19.892372846603394, "_step": 23, "_wandb": {"runtime": 18}}