{"Epoch": 249, "Training Loss": 0.3946504227189354, "Test Loss": 0.6938957426792536, "_timestamp": 1692361558.8930082, "_runtime": 2225.6619713306427, "_step": 249, "_wandb": {"runtime": 2224}}