{"Epoch": 249, "Training Loss": 0.31274942922723165, "Test Loss": 0.5361986003625088, "_timestamp": 1692173556.0089407, "_runtime": 1523.349574804306, "_step": 249, "_wandb": {"runtime": 1522}}