{"Horizon": 24, "Test Loss": 1.0630617594080312, "_timestamp": 1693654503.772476, "_runtime": 36.25572204589844, "_step": 23, "_wandb": {"runtime": 35}}