{"Epoch": 249, "Training Loss": 0.3621072716219521, "Test Loss": 0.6231070772195474, "_timestamp": 1692197787.7615588, "_runtime": 1561.86559176445, "_step": 249, "_wandb": {"runtime": 1560}}