{"Epoch": 249, "Training Loss": 0.4061759870240103, "Test Loss": 0.6819318773654791, "_timestamp": 1692150330.9826484, "_runtime": 2227.4469022750854, "_step": 249, "_wandb": {"runtime": 2226}}