{"Epoch": 249, "Training Loss": 0.3301726520061493, "Test Loss": 1.003887414932251, "_timestamp": 1692597328.1904266, "_runtime": 24.486761569976807, "_step": 249, "_wandb": {"runtime": 23}}