{"Epoch": 29, "Training Loss": 0.5672393561173009, "Test Loss": 0.5745497804421645, "_timestamp": 1693743810.6079082, "_runtime": 537.9994323253632, "_step": 29, "_wandb": {"runtime": 536}}