{"Epoch": 249, "Training Loss": 0.44691395650416504, "Test Loss": 0.5068046326438586, "_timestamp": 1692359326.9797065, "_runtime": 1722.41441655159, "_step": 249, "_wandb": {"runtime": 1720}}