{"Epoch": 99, "Training Loss": 0.6676965236663819, "Test Loss": 0.9112590551376343, "_timestamp": 1692605547.8767416, "_runtime": 12.270455598831177, "_step": 99, "_wandb": {"runtime": 10}}