{"Epoch": 249, "Training Loss": 0.19740604262648923, "Test Loss": 0.21102353462424034, "_timestamp": 1692086991.556825, "_runtime": 1035.413563966751, "_step": 249, "_wandb": {"runtime": 1033}}