{"Epoch": 249, "Training Loss": 0.07832993274970805, "Test Loss": 0.08111275933109797, "_timestamp": 1692215281.1946177, "_runtime": 836.101726770401, "_step": 249, "_wandb": {"runtime": 834}}