{"Epoch": 29, "Training Loss": 0.692895732820034, "Test Loss": 0.7368529041608175, "_timestamp": 1694183480.806945, "_runtime": 23.979159116744995, "_step": 29, "_wandb": {"runtime": 22}}