{"Epoch": 249, "Training Loss": 0.4920969009399414, "Test Loss": 0.5728228355829532, "_timestamp": 1692206719.3018422, "_runtime": 1913.1090171337128, "_step": 249, "_wandb": {"runtime": 1910}}