{"Horizon": 24, "Test Loss": 0.9923437338854585, "_timestamp": 1693668696.0898747, "_runtime": 19.68989086151123, "_step": 23, "_wandb": {"runtime": 18}}