{"Epoch": 29, "Training Loss": 0.1070976767412916, "Test Loss": 0.10784456460999373, "_timestamp": 1693896721.7287462, "_runtime": 204.67397809028625, "_step": 29, "_wandb": {"runtime": 203}}