{"Epoch": 249, "Training Loss": 0.4932603651023173, "Test Loss": 0.5678958143943396, "_timestamp": 1692366052.5310814, "_runtime": 2238.4575715065002, "_step": 249, "_wandb": {"runtime": 2237}}