{"Epoch": 249, "Training Loss": 0.3239663362503052, "Test Loss": 1.0097826719284058, "_timestamp": 1692597390.3517332, "_runtime": 24.731847286224365, "_step": 249, "_wandb": {"runtime": 23}}