{"Horizon": 24, "Test Loss": 1.1843008558665002, "_timestamp": 1693654624.8837836, "_runtime": 36.23928356170654, "_step": 23, "_wandb": {"runtime": 34}}