{"Epoch": 29, "Training Loss": 0.799670860171318, "Test Loss": 0.8289213329553604, "_timestamp": 1693755691.9221869, "_runtime": 12.441329956054688, "_step": 29, "_wandb": {"runtime": 11}}