{"Epoch": 249, "Training Loss": 0.3166632831096649, "Test Loss": 0.9722689390182495, "_timestamp": 1692597804.2514093, "_runtime": 24.361237287521362, "_step": 249, "_wandb": {"runtime": 22}}