{"Epoch": 29, "Training Loss": 0.7068569511175156, "Test Loss": 0.7447609570291307, "_timestamp": 1693755760.294607, "_runtime": 19.969681978225708, "_step": 29, "_wandb": {"runtime": 18}}