{"Epoch": 29, "Training Loss": 0.6399486550578365, "Test Loss": 0.7027291099230448, "_timestamp": 1693755891.0993211, "_runtime": 31.48391318321228, "_step": 29, "_wandb": {"runtime": 29}}