{"Epoch": 29, "Training Loss": 0.183827224188405, "Test Loss": 0.18532176759953684, "_timestamp": 1693747060.4273157, "_runtime": 256.06712460517883, "_step": 29, "_wandb": {"runtime": 254}}