{"Epoch": 249, "Training Loss": 0.10544744047981042, "Test Loss": 0.10783522203564644, "_timestamp": 1692084890.6998918, "_runtime": 930.7621078491211, "_step": 249, "_wandb": {"runtime": 929}}