{"Epoch": 29, "Training Loss": 0.6623179330382236, "Test Loss": 0.7176331728696823, "_timestamp": 1693736223.6420364, "_runtime": 40.09993243217468, "_step": 29, "_wandb": {"runtime": 38}}