{"Epoch": 29, "Training Loss": 0.6534942972416781, "Test Loss": 0.711137789946336, "_timestamp": 1693736272.7606282, "_runtime": 44.53377413749695, "_step": 29, "_wandb": {"runtime": 43}}