{"Epoch": 29, "Training Loss": 0.40854305312487366, "Test Loss": 0.4142260225728536, "_timestamp": 1693740705.510778, "_runtime": 334.53211283683777, "_step": 29, "_wandb": {"runtime": 333}}