{"Epoch": 29, "Training Loss": 0.5890004166796163, "Test Loss": 0.6334860052751459, "_timestamp": 1694183795.84078, "_runtime": 83.55689096450806, "_step": 29, "_wandb": {"runtime": 82}}