{"Epoch": 249, "Training Loss": 0.29749935406904954, "Test Loss": 0.346978067778624, "_timestamp": 1692170725.4605832, "_runtime": 1294.6418442726135, "_step": 249, "_wandb": {"runtime": 1293}}