{"Epoch": 249, "Training Loss": 0.1545777323863882, "Test Loss": 0.22461354684753296, "_timestamp": 1692216211.6550813, "_runtime": 925.3249092102051, "_step": 249, "_wandb": {"runtime": 923}}