{"Horizon": 24, "Test Loss": 1.0085832311638765, "_timestamp": 1693653327.9616175, "_runtime": 30.90022850036621, "_step": 23, "_wandb": {"runtime": 29}}