{"Epoch": 29, "Training Loss": 0.5859714701758103, "Test Loss": 0.5917446172008147, "_timestamp": 1693751391.452396, "_runtime": 523.9297769069672, "_step": 29, "_wandb": {"runtime": 523}}