{"Epoch": 249, "Training Loss": 0.0838304113310117, "Test Loss": 0.08674285914271306, "_timestamp": 1692164837.7820103, "_runtime": 982.9482002258301, "_step": 249, "_wandb": {"runtime": 980}}