{"Epoch": 99, "Training Loss": 0.6673142671585083, "Test Loss": 0.8715271353721619, "_timestamp": 1692605157.2473683, "_runtime": 12.317934274673462, "_step": 99, "_wandb": {"runtime": 10}}