{"Epoch": 29, "Training Loss": 0.6635999648194564, "Test Loss": 0.735492753982544, "_timestamp": 1693736177.7663257, "_runtime": 34.7354097366333, "_step": 29, "_wandb": {"runtime": 33}}