{"Epoch": 29, "Training Loss": 0.5854527991299235, "Test Loss": 0.6150347801946825, "_timestamp": 1694183912.3475394, "_runtime": 110.39950251579285, "_step": 29, "_wandb": {"runtime": 108}}