{"Epoch": 238, "Training Loss": 0.47863262995477124, "Test Loss": 0.5880975803503623, "_timestamp": 1692349517.6667225, "_runtime": 2169.2410855293274, "_step": 238, "_wandb": {"runtime": 2177}}