{"Epoch": 99, "Training Loss": 0.6368417859077453, "Test Loss": 0.8855104446411133, "_timestamp": 1692605215.4222367, "_runtime": 12.225939750671387, "_step": 99, "_wandb": {"runtime": 10}}