{"Epoch": 249, "Training Loss": 0.3868463907813851, "Test Loss": 0.4523722074734859, "_timestamp": 1692094831.4344466, "_runtime": 1474.1457304954529, "_step": 249, "_wandb": {"runtime": 1472}}