{"Epoch": 249, "Training Loss": 0.51876558079606, "Test Loss": 0.6445799630421859, "_timestamp": 1692180770.8119009, "_runtime": 2336.8317918777466, "_step": 249, "_wandb": {"runtime": 2336}}