{"Epoch": 29, "Training Loss": 0.3302423721699134, "Test Loss": 0.3342877422960905, "_timestamp": 1693737689.3632126, "_runtime": 328.9744665622711, "_step": 29, "_wandb": {"runtime": 327}}