{"Epoch": 99, "Training Loss": 0.6737100481987, "Test Loss": 0.8992170095443726, "_timestamp": 1692605139.432986, "_runtime": 12.398004055023193, "_step": 99, "_wandb": {"runtime": 10}}