{"Epoch": 249, "Training Loss": 0.43897786076033946, "Test Loss": 0.5145925764854138, "_timestamp": 1692434524.4020195, "_runtime": 1799.014699459076, "_step": 249, "_wandb": {"runtime": 1797}}