{"Epoch": 249, "Training Loss": 0.30516885155504875, "Test Loss": 0.32967785191841614, "_timestamp": 1692383607.8680086, "_runtime": 1348.056524515152, "_step": 249, "_wandb": {"runtime": 1346}}