{"Epoch": 99, "Training Loss": 0.6549897789955139, "Test Loss": 0.8948188424110413, "_timestamp": 1692605431.7087252, "_runtime": 12.20077919960022, "_step": 99, "_wandb": {"runtime": 10}}