{"Epoch": 249, "Training Loss": 0.5360749023301261, "Test Loss": 0.6157935429842044, "_timestamp": 1692161867.8755088, "_runtime": 2359.2179477214813, "_step": 249, "_wandb": {"runtime": 2357}}