{"Epoch": 249, "Training Loss": 0.3577859253237099, "Test Loss": 0.624595568730281, "_timestamp": 1692355874.1557844, "_runtime": 1719.9849364757538, "_step": 249, "_wandb": {"runtime": 1718}}