{"Horizon": 24, "Test Loss": 3.2456820969070708, "_timestamp": 1693654884.4219706, "_runtime": 35.88534069061279, "_step": 23, "_wandb": {"runtime": 34}}