{"Epoch": 29, "Training Loss": 0.41490294355830865, "Test Loss": 0.425115541769908, "_timestamp": 1692606680.8982184, "_runtime": 167.79036450386047, "_step": 29, "_wandb": {"runtime": 166}}