{"Epoch": 29, "Training Loss": 0.4043529997532889, "Test Loss": 0.40935982009157157, "_timestamp": 1693741426.7226803, "_runtime": 360.4060482978821, "_step": 29, "_wandb": {"runtime": 359}}