{"Epoch": 249, "Training Loss": 0.5024736453761984, "Test Loss": 0.656363057020383, "_timestamp": 1692159502.0012667, "_runtime": 2339.416766643524, "_step": 249, "_wandb": {"runtime": 2337}}