{"Epoch": 249, "Training Loss": 0.31087106466293335, "Test Loss": 1.008708119392395, "_timestamp": 1692597265.387011, "_runtime": 24.71851110458374, "_step": 249, "_wandb": {"runtime": 23}}