{"Epoch": 249, "Training Loss": 0.07684627161685363, "Test Loss": 0.09868321916422783, "_timestamp": 1692162858.824226, "_runtime": 983.8362119197845, "_step": 249, "_wandb": {"runtime": 982}}