{"Epoch": 29, "Training Loss": 0.8779840469360352, "Test Loss": 0.869672437508901, "_timestamp": 1694183369.5577855, "_runtime": 11.109359502792358, "_step": 29, "_wandb": {"runtime": 9}}