{"Epoch": 249, "Training Loss": 0.17691832245924535, "Test Loss": 0.19058653817344934, "_timestamp": 1692253176.7128758, "_runtime": 1242.8922517299652, "_step": 249, "_wandb": {"runtime": 1241}}