{"Epoch": 249, "Training Loss": 0.461042426826753, "Test Loss": 0.6149682349119431, "_timestamp": 1692204787.0683572, "_runtime": 1930.3511953353882, "_step": 249, "_wandb": {"runtime": 1934}}