{"Epoch": 99, "Training Loss": 0.6859391570091248, "Test Loss": 0.9158523678779602, "_timestamp": 1692605234.968669, "_runtime": 12.31044602394104, "_step": 99, "_wandb": {"runtime": 10}}