{"Epoch": 78, "Training Loss": 0.18222260726240527, "Test Loss": 0.18713499691623908, "_timestamp": 1692216519.529511, "_runtime": 299.25435495376587, "_step": 78}