{"Horizon": 24, "Test Loss": 1.0996641835996084, "_timestamp": 1693655088.382514, "_runtime": 35.91940188407898, "_step": 23, "_wandb": {"runtime": 34}}