{"Epoch": 249, "Training Loss": 0.31762685179710387, "Test Loss": 1.0263776779174805, "_timestamp": 1692597142.380919, "_runtime": 24.57890796661377, "_step": 249, "_wandb": {"runtime": 23}}