{"Epoch": 99, "Training Loss": 0.6782032370567321, "Test Loss": 0.901951014995575, "_timestamp": 1692605016.5550928, "_runtime": 12.565651893615723, "_step": 99, "_wandb": {"runtime": 11}}