{"Epoch": 157, "Training Loss": 0.4934590630806409, "Test Loss": 0.6665789343607731, "_timestamp": 1692445868.407868, "_runtime": 1481.0575258731842, "_step": 157, "_wandb": {"runtime": 1487}}