{"Epoch": 249, "Training Loss": 0.5077760650233908, "Test Loss": 0.5625986468333465, "_timestamp": 1692102948.0026114, "_runtime": 2171.2824623584747, "_step": 249, "_wandb": {"runtime": 2169}}