{"Epoch": 29, "Training Loss": 0.4150648733289113, "Test Loss": 0.4207214090304497, "_timestamp": 1693747774.8489726, "_runtime": 355.40091156959534, "_step": 29, "_wandb": {"runtime": 354}}