{"Epoch": 249, "Training Loss": 0.3681962989516311, "Test Loss": 0.4566636863045203, "_timestamp": 1692194833.2944887, "_runtime": 1347.9589817523956, "_step": 249, "_wandb": {"runtime": 1346}}