{"Epoch": 249, "Training Loss": 0.33303931803057046, "Test Loss": 0.5295128340904529, "_timestamp": 1692093350.8182786, "_runtime": 1480.1725635528564, "_step": 249, "_wandb": {"runtime": 1478}}