{"Epoch": 29, "Training Loss": 0.7313246572459186, "Test Loss": 0.749224100794111, "_timestamp": 1694183450.5050392, "_runtime": 20.267008304595947, "_step": 29, "_wandb": {"runtime": 18}}