{"Epoch": 249, "Training Loss": 0.4685737600911668, "Test Loss": 0.602994673145123, "_timestamp": 1692152557.4467266, "_runtime": 2217.538840532303, "_step": 249, "_wandb": {"runtime": 2218}}