{"Epoch": 99, "Training Loss": 0.6630889534950256, "Test Loss": 0.8993764519691467, "_timestamp": 1692605314.923119, "_runtime": 17.15464997291565, "_step": 99, "_wandb": {"runtime": 10}}