{"Epoch": 29, "Training Loss": 0.7444421592212859, "Test Loss": 0.8055928548177084, "_timestamp": 1693736067.59141, "_runtime": 23.293920040130615, "_step": 29, "_wandb": {"runtime": 21}}