{"Epoch": 56, "Training Loss": 0.4407625287880391, "Test Loss": 0.6320648250671533, "_timestamp": 1692275660.1360624, "_runtime": 550.568487405777, "_step": 56, "_wandb": {"runtime": 551}}