{"Epoch": 29, "Training Loss": 0.7205812467469109, "Test Loss": 0.7514829380171639, "_timestamp": 1693755736.3073564, "_runtime": 17.840147256851196, "_step": 29, "_wandb": {"runtime": 16}}