{"Epoch": 23, "Training Loss": 0.6545956103166962, "Test Loss": 0.611254582229333, "_timestamp": 1693810492.1642811, "_runtime": 718.8720941543579, "_step": 23}