{"Epoch": 29, "Training Loss": 0.6526223481083178, "Test Loss": 0.6099242128622837, "_timestamp": 1693810670.3281872, "_runtime": 897.03600025177, "_step": 29, "_wandb": {"runtime": 896}}