{"Epoch": 249, "Training Loss": 0.3749304087934913, "Test Loss": 0.4533798635388032, "_timestamp": 1692122756.9338279, "_runtime": 1487.2023198604584, "_step": 249, "_wandb": {"runtime": 1485}}