{"Epoch": 249, "Training Loss": 0.17986352812676204, "Test Loss": 0.1869478227618413, "_timestamp": 1692254419.0302777, "_runtime": 1236.3505697250366, "_step": 249, "_wandb": {"runtime": 1234}}