{"Horizon": 24, "Test Loss": 1.138992568211896, "_timestamp": 1693653574.850955, "_runtime": 35.08104705810547, "_step": 23, "_wandb": {"runtime": 33}}