{"Epoch": 249, "Training Loss": 0.45275178131384725, "Test Loss": 0.7258211488907154, "_timestamp": 1692105244.2415385, "_runtime": 2290.207033634186, "_step": 249, "_wandb": {"runtime": 2288}}