{"Epoch": 29, "Training Loss": 0.18893429535976697, "Test Loss": 0.19170789296428362, "_timestamp": 1692608775.4658399, "_runtime": 123.16836595535278, "_step": 29, "_wandb": {"runtime": 121}}