{"Epoch": 249, "Training Loss": 0.40057769597886683, "Test Loss": 0.5684300194948148, "_timestamp": 1692432718.3384666, "_runtime": 1800.491557598114, "_step": 249, "_wandb": {"runtime": 1799}}