{"Epoch": 249, "Training Loss": 0.48998772573995064, "Test Loss": 0.6710493900837042, "_timestamp": 1692370705.8780062, "_runtime": 2322.5171642303467, "_step": 249, "_wandb": {"runtime": 2320}}