{"Epoch": 249, "Training Loss": 0.0766540168078391, "Test Loss": 0.08311849670150341, "_timestamp": 1692375108.5910618, "_runtime": 1024.0336437225342, "_step": 249, "_wandb": {"runtime": 1022}}