{"Epoch": 29, "Training Loss": 0.8358163237571716, "Test Loss": 0.8480485081672668, "_timestamp": 1693736039.831824, "_runtime": 18.01846694946289, "_step": 29, "_wandb": {"runtime": 16}}